ita_word,rgn_var1,rgn_var2,rgn_var3,rgn_var4,rgn_var5,rgn_var6,rgn_var7,rgn_var8
perché,parchè:20,parché:5
quante,quant:1,quanti:1
volte,vólti:7,volti:6,vòlti:1
dice,dis:8,dóis:2,dois:1
dappertutto,dimpartot:2,dimpartótt:1,indipartot:1
uomini,oman:2,òman:2
porta,porta:6,pôrta:3,pörta:3,pórta:1
morte,morta:3,môrta:3
dolore,dulor:3,dulór:1,dulùr:1
qualcuno,quaicadun:2,qualcadéun:2,qualcadùn:1,qualchedun:1
diventa,dventa:2,dvinta:1
vuoto,svuit:3,vuit:2,svùit:1
lascia,lasa:7,lassa:4,las:1,làsa:1
morosa,murosa:1,muròusa:1
rimangono,arvènza:2,armenza:1
nata,nèda:1,néda:1
fra,tra:9,stra:2
poco,poch:8,póch:3,pôch:2,pòch:1
tutto,tot:20,tott:6
niente,gnént:16,gnint:15,gnent:3,gnènt:1
figli,fiùl:7,fiul:6,fiül:1
donne,döni:3,dòni:2,doni:1
tutte,tot:6,toti:3
come,cmè:28,cumè:23
così,acsè:14,acsé:6,accè:4,csè:2,acsẹ:1
tempi,temp:1,timp:1
erano,éra:6,jéra:2
andava,andéva:4,andeva:3,andèva:1
diventata,dventa:1,dvénta:1
quattro,quàtri:4,quatri:2
fatta,fata:5,fat:1
adesso,adës:8,ades:7,adès:3,adëş:2,adés:1
ancora,ancàura:6,ancòura:6,ancóra:6,ancora:4,ancoura:2,âncura:1
ogni,ogni:13,ögni:2
bene,ben:12,bene:1
vita,vita:17,vóita:5,veita:2,vèita:1,véita:1
senza,senza:36,sénza:6,sânza:2,sènza:1,sënza:1,zenza:1
mano,mæna:6,mèna:6,mêna:2,mëna:2
alza,êlza:2,èlza:1
terra,tèra:10,tëra:6,tera:3,têra:2
amore,amór:3,amor:2
sente,sint:4,sent:1
sotto,sota:8,sòta:6,sot:3
sto,stagh:3,stag:2
dopo,dop:22,dopo:1
figlio,fiùl:4,fiol:3,fiól:2,fiôl:1
allora,alóra:7,alora:3,alòra:1,alôra:1
andati,andè:1,andé:1,ndè:1
testa,testa:14,tèsta:6,tësta:5
dorme,dorma:1,dórma:1
notte,nòta:15,nöta:4,nota:3,nôta:1
cose,robi:8,ròbi:4,röbi:3
puttana,putæna:1,putèna:1
dico,degh:3,deg:1,dégh:1
stata,steda:1,stèda:1
anche,ènca:21,enca:7,énca:5,ênca:2
però,però:11,parò:3
voglia,voja:8,voia:6
lavorare,lavurè:2,lavuræ:1,lavuré:1
amici,amigh:3,améigh:2,amìgh:1
lavoro,lavór:4,lavor:2
detto,det:8,dett:1
nemmeno,gnénca:2,gnânca:1,gnènca:1
capisce,capes:1,capés:1
mica,miga:3,mìga:1
discorsi,zchèurs:2,zchéurs:1
domani,admen:1,admèn:1
mondo,mond:16,mònd:9,mänd:2,mónd:1,mônd:1
venga,vénga:2,venga:1
aria,aria:15,êria:6,eria:2,ària:1,èria:1
perda,perda:1,pérda:1
luna,luna:4,léuna:3,lèuna:2,lona:1,louna:1,lòuna:1,lóna:1,lôna:1
stelle,steli:2,stèli:2
avanti,avænti:2,avènti:2,avânti:1,avênti:1,davënti:1
tempo,temp:24,témp:4,tèmp:2,tempo:1,timp:1
tanto,tânt:8,tènt:7,tênt:2,tænt:1
sta,sta:10,stan:1
fuori,fura:12,fóra:3,fùra:3,fora:1
quant,quant:1,quânt:1
piccola,znina:2,znìna:2,znin:1
spalle,spali:3,spàli:2,spal:1
capelli,cavéll:8,cavél:7,cavell:1,cavẹll:1
lunghi,lungh:1,lóngh:1
chiuso,asrê:1,srê:1
cesena,cesoena:1,ceséina:1
veniva,avnéva:1,vnéva:1
domenica,dmènga:4,dmènnga:1
bella,bèla:3,bela:1
troppo,trop:7,tröp:3,tropa:2
fino,fina:6,fin:3,fìna:3,fena:1
aperto,avért:1,vért:1
prima,prema:7,prima:3,prèma:2,prêma:1
ridere,réid:2,rid:1,rôid:1
notti,nòti:4,nòt:1
strada,strèda:7,stræda:3,straeda:2,streda:2,stréda:1,strëda:1
pedala,pedêla:2,pedèla:1
avevo,avéva:4,aveva:1
ero,séra:9,sera:1,séva:1
pensato,pansæ:1,pansè:1,pansé:1
sentivo,santiva:1,sintéva:1
lungo,lòngh:2,lungh:1
erba,érba:3,erba:2
ferme,fermi:1,férmi:1
stavano,stèva:1,stéva:1
visto,vést:9,vest:3
acqua,aqua:12,acqua:1,àqua:1
cambi,cambia:1,chembia:1
invece,invici:3,invìci:3,inveici:1,invèci:1
belle,bèli:4,beli:1
senti,sint:6,sent:1
roba,roba:3,ròba:2,röba:1
bambino,burdel:2,burdèl:1,burdël:1
sogno,sogn:3,sógn:1
vento,vent:22,vént:3,vënt:2,vènt:1
tira,tira:5,téira:1,tìra:1
neanche,gnenca:5,gnénca:5,gnainca:2,gnench:1,gnènca:1,gnẹnca:1
sera,séra:8,sera:2
andare,andè:12,andæ:4,andê:2,andë:1
ora,adës:6,ades:2
vecchia,vècia:2,vëcia:1
finché,fintènt:2,fintent:1
acceso,zàis:2,zais:1
passati,pas:1,pasé:1
sabbia,sabia:2,sàbia:1
grande,granda:5,grand:2
fosse,fóss:4,fòss:2,fós:1
sparsi,sparguiè:1,spargujèun:1
correre,còrar:2,córar:1
guardarla,guardèla:1,guardëla:1
vedere,avdài:2,avdéi:2,avdòi:2,avdei:1
tutta,tota:7,tóta:6,tot:3,totta:2,tôta:2
nuda,nouda:1,néuda:1
pareva,pareva:2,paréva:1
segno,sègn:3,segn:1,ségn:1
mani,mèni:4,maèni:2,mæni:1,mëni:1
forte,fort:2,fórt:1,fôrt:1
fossa,fosa:1,fòsa:1
porte,porti:3,pórti:3
quando,quand:29,quant:13,quànd:6,quând:2
morti,murt:4,mórt:2
dicono,dis:3,dois:1
tardi,têrd:5,tèrd:2,terd:1
andato,ndè:2,andè:1
dentro,dròinta:5,drointa:4,dréinta:4,drènta:2,drèinta:1
sveglio,sveg:1,svegg:1,svég:1
pensieri,pinsir:7,pensir:3,pinsìr:3,pansir:2
finta,cont:3,cônt:1
pomeriggio,dopmezdè:2,dopmezdé:1
muro,mèur:3,mur:2,méur:1
cala,càla:3,cala:2
ombra,ombra:3,òmbra:3
faceva,faséva:2,faseva:1
fondo,fond:4,fònd:3,fänd:2
capire,capòi:3,capei:1
quello,quel:16,quèl:2,quél:1
sedia,scaràna:1,scrâna:1
diceva,géva:2,dgéva:1,gév:1
paura,paura:3,paéura:3,paèura:2,pavura:1,pavéura:1
lontano,dalòngh:6,dalonga:4,alòngh:1,dalòng:1
volare,vulè:3,vulæ:1
bicicletta,bicicleta:3,biciclèta:2,biciclètta:1
aeroplano,aeroplano:1,areoplano:1
leggera,lizìra:1,lizíra:1
sopra,sòura:8,soura:5,sàura:5
seduti,disdài:1,disdèi:1
ultima,utma:3,ultma:1,éutma:1,ùtma:1
verso,vérs:5,vers:3,vèrs:2
uccelli,gazòtt:1,gazótt:1
guardavano,guardéva:4,guardéa:1
incantati,incantèd:1,incantéd:1
silenzio,silénzi:8,silenzi:2
alberi,èlbar:1,êlbar:1
case,chèsi:5,chesi:1,chèṣi:1
colore,culór:3,culor:2
insieme,insen:3,insem:1,insèn:1,insén:1
pensiero,pinsir:3,pensier:1
perde,pérd:2,perd:1,përd:1
freddo,fred:6,frèd:1
giocano,žuga:1,ẓuga:1
prende,ciapa:4,ciàpa:3,ciapeva:1
barca,bærca:2,bêrca:1
stagione,stason:2,stasòun:1,stašon:1
vivere,campè:3,campæ:1,campê:1
onda,onda:1,ònda:1,ónda:1
morto,môrt:3,mort:2
oggi,incù:4,incùa:2
parole,paroli:6,parol:3,paróli:1
ricordo,arcord:3,arcórd:3,arcùrd:3
specchio,spèc:2,spëc:2
passi,pas:3,pass:2
faccia,faza:6,fàza:4,fèza:2
bianca,biènca:2,biænca:1,biénca:1
rosa,rôsa:2,rosa:1,rósa:1
lasciare,lasè:2,lassè:1
posto,pòst:3,post:2
credere,créd:1,créda:1
vedo,vègh:2,vègg:1
davanti,davènti:8,davanti:1,daventi:1,davænti:1,davënti:1
vivo,viv:3,vóiv:1
felicità,cuntanteza:1,cuntantèza:1,cuntantèzza:1
leggero,liżir:2,ližir:1
volta,volta:13,vôlta:6,vólta:2,völta:2,vòlta:1
vado,vag:3,vagh:3
tornare,arturnè:2,arturnê:1
nulla,gnint:2,gnént:2,gnit:1,gnìnt:1,gnẹnt:1
denti,dint:3,dent:2
parola,parôla:4,parola:3,paróla:1
occhiata,ucéda:2,ucèda:1,ucȇda:1
rifà,arfa:1,arfà:1
valigia,valoisa:1,valòisa:1,valòiṣa:1
pentola,pgnata:3,pgnatìna:1,pgnàta:1
scritto,scret:1,scrét:1
intanto,intænt:5,intènt:5,intânt:1,intênt:1
trovo,tróv:2,trov:1
viso,faza:1,fàza:1
stracci,straz:1,stràz:1
vero,vera:1,vero:1,vèra:1
gente,zenta:4,zénta:4,genta:2,zent:2,zènta:1
scioglie,squaia:1,squàia:1
bambini,burdéll:4,burdèll:2,burdell:1,burdél:1,burdẹll:1
cuscini,cuscòin:1,cuséin:1
ridono,róid:2,reid:1
strade,strèdi:2,straedi:1
fiore,fiour:4,fiòur:2,fiàur:1
polvere,porbia:5,pòrbia:1,pôrbia:1
quelli,quij:5,quèj:3,quii:2
coraggio,curag:2,curaġ:1,curàg:1
passare,pasè:2,pasa:1
memoria,memôria:2,memoria:1,memória:1
angoli,cantùn:2,cantèun:1
verde,vàird:5,vird:1
compagnia,cumpagnia:2,cumpagnìa:1
mangia,magna:3,màgna:1
scuola,scóla:5,scöla:2,scola:1,scôla:1
contento,cuntént:2,cuntènt:1
sarebbe,sarébb:2,sarebbe:1
paglia,paia:1,paja:1
camminare,caminé:2,caminè:1
spaventato,spavantè:1,spavantèd:1
corda,córda:2,corda:1,côrda:1
migliaia,mièra:2,miéra:1
meraviglia,maravèja:1,maravẹa:1
appena,apèna:3,pèna:2
piangono,pienz:1,piànz:1
attaccato,atach:1,atachê:1
lamenta,lamenta:1,lamènta:1
pace,pæsa:1,pêsa:1
certo,cert:1,cért:1
possa,possa:2,posa:1
pensare,pansè:3,pansê:1
finita,finida:1,fnida:1
ruote,rodi:1,rödi:1
suda,suda:1,séuda:1
piove,piòv:1,piôv:1
gusto,gust:1,gòst:1,góst:1
rimasto,arvenz:1,arvænz:1,arvënz:1
trovato,tróv:2,tröv:1
accorto,incórt:2,incòrt:1
importa,impórta:1,impôrta:1
magari,magari:3,magàri:2
mattina,matòina:5,matèina:3,matèna:2,matéina:2,matena:1,matina:1,matoena:1
sabato,sàbdi:4,sabdi:1
statue,stètui:2,stêtui:1
attorno,datonda:1,datònda:1
corona,curòuna:1,curóna:1
poltrona,poltrona:1,pultróna:1
morta,mórta:2,mòrta:1,môrta:1
guarda,guerda:2,guærda:2,guèrda:2,guarda:1
facendo,fasènd:1,fasénd:1
funerale,funeræl:1,funerèl:1
qualcosa,qualcosa:4,qualcósa:1
voce,vousa:3,vausa:1,vosa:1,vòusa:1
favola,fôla:2,fola:1
bisogno,bsogn:9,bşogn:1
sentire,sintì:6,sintìr:1
cantare,cantæ:1,cantè:1,cantê:1
paradiso,paradis:2,paradiş:1,paradèis:1
fatica,fadiga:5,fadéiga:2,fadóiga:2,fadôiga:1
signore,signor:4,signour:2,signòur:2
strette,stret:2,streti:1
presto,prëst:7,prèst:2,prest:1
mattino,matèina:1,maténa:1
passo,pas:2,pasa:1
piccoli,znin:2,znìn:1
lavori,lavur:1,lavura:1
rosse,rosi:1,rossi:1
gambe,gambi:3,gàmbi:1
punta,ponta:1,punta:1
sembrava,paréva:2,pareva:1,parëva:1
carezze,carezi:1,carèzzi:1
lasciato,lasè:2,las:1
spero,sper:1,spér:1
aperta,verta:2,vérta:2,vërta:2
guardano,guerda:2,guèrda:2
messo,mèss:4,méss:1
fuoco,fugh:7,fug:1,fùgh:1
parli,scòr:1,zcòr:1
sento,sint:4,sent:2,sìnt:2,sènt:1
neve,név:3,néva:1
impossibile,impusèbil:1,impuşèbil:1
gelida,giaza:1,giazêda:1
lenzuolo,lanzól:1,lanzùl:1
portava,purteva:2,purtëva:1
corsa,chéursa:1,coursa:1,cursa:1
grandi,grand:1,grànd:1,grènd:1
avevano,aveva:4,avìva:1
monti,mount:1,méunt:1
mantello,caparela:1,caparëla:1
bianco,biânch:1,biænch:1,biénch:1
odore,udór:4,udor:1,udòr:1
sentimento,sentimênt:1,sentimënt:1
inverno,invéran:8,inveran:4
ricordare,arcurdèm:1,arcurdë:1
nuovo,arnôv:2,arnöv:1
rami,rèm:2,rèmm:1
scalini,scalèin:1,scaléin:1
armadio,armèri:4,armëri:1
braccio,braz:1,brazi:1
stagioni,stasoun:2,stasón:2,staṡòun:1
bastone,bastòun:2,baston:1
schiena,schina:3,schìna:1
finestra,finestra:4,finèstra:2,fnëstra:2,finëstra:1
avrei,vréb:2,avréb:1
cervello,zarvèl:2,zarvël:2,zarvel:1
diventato,dvent:1,dvént:1,gvent:1
pensi,pens:2,pensa:1
mettere,mètt:2,mett:1,mẹtt:1
piatto,piat:3,piàt:3
fratelli,fradél:2,fradèll:1
andavano,andéva:4,jandéva:1
ognuno,ognun:2,ognéun:1,ognùn:1
vicino,drìa:3,dria:1,drì:1
dava,deva:2,déva:2
piccolo,znin:4,znìn:2,zin:1
ben,béin:1,bén:1
credenza,cardenza:1,cardênza:1
angolo,cantòun:2,cantòn:1,cantön:1
conto,cont:2,cönt:1
bocca,boca:3,bäca:1
sarà,sarà:5,srà:5
bisogna,bsögna:3,bisogna:1
guerra,guera:2,guèra:2,guëra:1
avere,avoe:3,avòe:1
vorrebbe,vrébb:2,vréb:1,vrẹbb:1
illusione,ilusioun:2,illusioun:1
sere,seri:3,sere:2
cane,chèn:2,chén:1
bandiere,bandiere:1,bandir:1
lega,lega:1,liga:1
pesce,pès:2,pèss:1
bagnino,bagnoin:1,bagnìn:1
città,zità:2,cità:1,zitȇ:1
foglia,foja:3,foia:1
pianura,pianóura:2,pianura:1
qualsiasi,purchésia:1,purcsia:1
ragazzi,burdel:2,burdell:1
forlì,furlè:1,furlé:1
fila,fila:1,féila:1
qualche,qualche:3,qualch:1
sapeva,saveva:1,savoiva:1
assieme,insen:5,insèn:2
amico,amigh:2,amich:1
tocca,toca:2,tocca:1,tòca:1
parti,parti:1,pèrti:1
imparato,imparè:1,imparê:1
andiamo,andama:2,andam:1,andema:1
incontro,incontra:2,incountra:1
avessi,aves:1,avés:1
libro,lìbar:1,lìvar:1
vigilia,viziglia:1,vzóiglia:1
libri,lìvar:4,lìbar:1
perfino,parfina:2,parfena:1,parsina:1
gira,zira:1,zéira:1
contrada,cuntreda:1,cuntrèda:1
raccontare,cuntè:1,racuntè:1
divertirsi,divartéis:1,divertis:1
fatte,fati:2,fatie:2
scarpe,scherpie:10,scaerpi:2
facevano,féva:3,feva:2,fèva:1
momento,mument:2,mumint:1,mumént:1
guardava,guardeva:1,guardèva:1
cerca,zirca:2,zòirca:1
scricchiolio,scricadic:1,scricladéz:1
primi,prim:1,proim:1
capitava,capiteva:1,capitéva:1
moda,moda:1,mòda:1,môda:1
volevano,vléva:2,vleva:1
parliamo,scuregna:1,scuren:1
ferma,ferma:3,firma:1,férma:1
ostia,os-cia:2,òs-cia:1
trovare,truvè:3,truvæ:2
riempie,impinés:1,impnès:1
passero,pasarot:1,pasaröt:1
resto,rèst:2,rest:1,rëst:1
proprio,pröpi:3,pròpi:1
becco,bech:1,bëch:1
spalancati,spalanchid:1,spalanchéd:1
guardare,guardè:4,guardé:1,guardêl:1,gvardè:1
arriva,ariva:2,areiva:1,aroiva:1
perchè,parchè:6,parché:1,perchè:1
navi,nevi:1,nèvi:1
ghiaccio,giaz:1,giàz:1
marina,maràina:1,maréina:1
dialetto,dialèt:3,dialètt:3,dialet:2,dialét:1
vorrei,vreb:3,vréb:2
colori,culur:3,culùr:1
morire,murì:6,murìr:1
nasce,nas:1,nass:1
nebbia,nebia:1,nèbia:1
scivola,sgvéla:2,sguélla:1
cortile,curtéil:1,curtìl:1
addormentarmi,indurmantèm:1,indurmintêm:1
senta,senta:1,sinta:1
venuto,avnù:2,vnù:2
pochi,poch:1,puch:1
mesi,mis:1,méis:1
forza,forza:2,fôrza:1
sospiro,suspir:1,suspìr:1
comincio,cmenz:1,cmìnz:1
preso,ciap:1,ciapè:1,ciàp:1
numeri,nomar:2,nómar:1
pensano,apensa:1,pensa:1
vedono,veid:1,vid:1
metto,mètt:2,mèt:1
corrono,cor:2,corr:1
vetri,vidar:2,vìdar:2
starmi,stam:1,stèm:1
orecchio,ureccia:1,urécia:1
perso,pers:2,pérs:2
bianche,biânchi:1,biénchi:1
spiaggia,spiagia:2,spiaggia:1
donna,dona:2,donna:1,dòna:1
com,cum:2,cume:1
paure,pavéuri:1,pavóuri:1
speranze,sperânz:1,sperènzi:1
chicco,garnela:1,garnël:1
nostro,nost:5,nòst:1,nöst:1
fisso,fés:1,féss:1
cornicione,curnisoun:2,curnison:1
vede,void:3,veid:1
gioca,zuga:1,zùga:1
andar,andæ:1,andê:1
anima,anma:2,ânma:2,anima:1
burrone,buroun:1,buròun:1
resta,resta:3,rèsta:1
accompagna,acumpagna:1,acumpâgna:1
nostra,nòsta:2,nosta:1,nòstra:1
allarga,slaerga:1,slærga:1
finisce,fnes:1,fnès:1,fnés:1
fiori,fiour:2,fiur:1
uccello,gazot:1,gazòt:1
comodino,cumuden:2,cumudoen:1
estate,insteda:2,instèda:1,istêda:1
contenti,cuntent:1,cuntèint:1
passerotto,pasaròt:1,pasaröt:1
moscone,muscaun:1,muscon:1
corrente,curent:1,curénta:1
paese,paés:3,paéş:1,paéš:1,paéṣ:1
apericena,apericèna:1,apricèna:1,apèricèna:1,apéricèna:1
baccalà,becalà:1,bècalà:1
poca,poca:2,pòca:1
aperitivo,aperitiv:1,apèritiv:1
comincia,cminza:1,cmìnza:1,cmóinza:1
complimenti,cumplimint:1,cumplimèint:1
togliermi,cavèm:1,cavêm:1
insomma,insomma:2,insäma:1
cappelletti,caplét:4,caplèt:2,caplétt:1
poveri,pori:1,pôri:1
gara,gara:3,gàra:1
riempiva,impiniva:1,impóiva:1
facevo,fèva:1,féva:1
avvelenato,invalnèd:1,invlinèd:1
ridevano,ridèva:1,ridóiva:1
mangiato,magnè:1,magnê:1
cantava,cantèva:1,cantéva:1
praticamente,praticamaint:1,praticament:1
carabinieri,carabinieri:1,carabinir:1
ragione,rason:3,raşon:1
razza,raza:1,razza:1
seconda,seconda:1,sgonda:1
soldi,baioch:3,bajoch:1
costa,costa:1,gosta:1
galera,galira:1,galéra:1
mangiare,magnæ:1,magnê:1
tasse,tas:1,tasi:1
fratello,fradel:1,fradèl:1,fradël:1
disgrazia,sgrezia:1,sgrèzia:1
monte,mount:1,mòunt:1
buona,bona:2,buona:1,bóna:1
finalmente,finalmént:2,finalmint:1
uscendo,scapand:1,scapènd:1
morsi,mors:1,murs:1
chilo,chél:2,chel:1
testamento,testamint:1,testamént:1
biondi,biond:1,biònd:1
pensione,pinsion:2,pension:1
festa,festa:1,fësta:1
fetta,feta:1,fèta:1
pugno,pógn:2,pogn:1
abbraccio,abraz:1,abràz:1
pagare,paghe:1,paghê:1
subito,sòbit:1,sóbit:1
italiano,italien:1,italién:1
prof,prof:2,pròf:1
vaselli,vaselli:2,vasèli:2
tagliere,tulìr:2,tulir:1
buco,béus:2,bus:1
strutto,strót:1,strôt:1
coltello,curtèl:1,curtèla:1
forno,faurni:4,fàurni:1
minuto,minud:1,minéud:1
chiedo,dmand:2,dmànd:1,dmând:1,dmënd:1
landini,landini:1,landìni:1
dormire,durméi:2,durmòi:1
fontana,funtâna:1,funtæna:1
cento,zènt:3,zént:1
forti,furt:1,fórt:1
potrebbe,putreb:2,putrébb:1
camposanto,campsènt:1,câmpsânt:1
smancerie,maravèj:1,maravéj:1
carta,chèrta:1,chêrta:1
muri,mur:1,móur:1
lampioni,lampion:1,lampiéun:1
fucile,s-ciop:1,s-ciòpa:1
stanotte,stanòt:2,stanöt:1
musica,mùsica:3,musica:1
vada,vaga:1,véga:1
strozzare,struzæ:1,struzè:1
montare,montae:1,muntae:1
lingua,lengua:2,lèngua:1
attività,ativitê:1,attività:1
suonare,sunê:1,sunêr:1
pagano,pèga:1,pêga:1
